<?xml version="1.0" encoding="UTF-8"?>
<library xmlns="http://www.netbeans.org/ns/library-declaration/3" version="3.0">
    <name>adalid-compile-lib-1</name>
    <type>j2se</type>
    <volume>
        <type>classpath</type>
        <resource>jar:file:/C:/workspace/third-party/lib/commons-collections-3.2.1.jar!/</resource>
        <resource>jar:file:/C:/workspace/third-party/lib/commons-fileupload-1.2.2.jar!/</resource>
        <resource>jar:file:/C:/workspace/third-party/lib/commons-io-2.1.jar!/</resource>
        <resource>jar:file:/C:/workspace/third-party/lib/commons-lang-2.6.jar!/</resource>
        <resource>jar:file:/C:/workspace/third-party/lib/jasperreports-5.5.1.jar!/</resource>
        <resource>jar:file:/C:/workspace/third-party/lib/joda-time-1.6.2.jar!/</resource>
        <resource>jar:file:/C:/workspace/third-party/lib/log4j-1.2.16.jar!/</resource>
        <resource>jar:file:/C:/workspace/third-party/lib/velocity-1.7.jar!/</resource>
    </volume>
    <volume>
        <type>src</type>
    </volume>
    <volume>
        <type>javadoc</type>
    </volume>
    <volume>
        <type>maven-pom</type>
    </volume>
</library>
